"PingView Monitoring","PingView Monitoring"
"View PingView status","Podgląd statusu PingView"
"Connect and disconnect PingView","Podłączanie i odłączanie PingView"
"External uptime monitoring","Zewnętrzny monitoring dostępności"
"Start monitoring this store","Zacznij monitorować ten sklep"
"PingView checks your storefront from outside your server. No monitoring jobs run on customer requests.","PingView sprawdza Twój sklep spoza Twojego serwera. Żadne zadania monitorujące nie działają na żądaniach klientów."
"Where should we send alerts?","Gdzie mamy wysyłać powiadomienia?"
"Send my email address, store name and domain to PingView to create external monitoring for","Wyślij mój adres e-mail, nazwę sklepu i domenę do PingView, aby utworzyć zewnętrzny monitoring dla"
"I agree to the","Akceptuję"
"Terms","Regulamin"
"and acknowledge the","i zapoznałem się z"
"Privacy Policy","Polityką prywatności"
"Start free monitoring","Uruchom darmowy monitoring"
"Already use PingView? Connect an API key","Masz już PingView? Podłącz klucz API"
"API key","Klucz API"
"Connect","Podłącz"
"Ask an administrator with PingView manage permission to connect this store.","Poproś administratora z uprawnieniem do zarządzania PingView o podłączenie tego sklepu."
"External checks","Sprawdzenia z zewnątrz"
"Independent of this Magento server","Niezależne od tego serwera Magento"
"Actionable alerts","Konkretne powiadomienia"
"Email, Slack and webhook channels","Kanały e-mail, Slack i webhook"
"Storefront risks","Ryzyka sklepu"
"SSL and domain expiry tracking","Śledzenie wygasania SSL i domeny"
"Refresh","Odśwież"
"Open PingView","Otwórz PingView"
"This store URL differs from the monitored address. Disconnect and reconnect to monitor the current URL.","Adres tego sklepu różni się od monitorowanego. Odłącz i podłącz ponownie, aby monitorować bieżący adres."
"Showing the last known status because PingView could not be reached.","Pokazujemy ostatni znany status, bo nie udało się połączyć z PingView."
"Status is temporarily unavailable.","Status jest chwilowo niedostępny."
"Store health summary","Podsumowanie kondycji sklepu"
"Uptime, 24h","Dostępność, 24 h"
"Uptime, 7d","Dostępność, 7 dni"
"Response time","Czas odpowiedzi"
"Last check","Ostatnie sprawdzenie"
"Monitoring locations","Lokalizacje monitorowania"
"Unknown location","Nieznana lokalizacja"
"Waiting for per-location results.","Czekamy na wyniki z poszczególnych lokalizacji."
"Certificate and domain","Certyfikat i domena"
"SSL certificate","Certyfikat SSL"
"No data yet","Brak danych"
"Plain HTTP","Zwykły HTTP"
"Expired","Wygasł"
"%1 days remaining","Pozostało dni: %1"
"Valid","Ważny"
"Domain registration","Rejestracja domeny"
"Recent incidents","Ostatnie incydenty"
"Incident","Incydent"
"Resolved","Rozwiązany"
"Open","Otwarty"
"Monitoring is ready","Monitoring jest gotowy"
"Results will appear after the first external check completes.","Wyniki pojawią się po pierwszym sprawdzeniu z zewnątrz."
"Connected %1","Podłączono %1"
"Disconnect this store","Odłącz ten sklep"
"Store is operational","Sklep działa poprawnie"
"Performance degraded","Obniżona wydajność"
"Partial outage","Częściowa awaria"
"Store is offline","Sklep jest niedostępny"
"Maintenance","Przerwa techniczna"
"Status unknown","Status nieznany"
"PingView returned incomplete connection data.","PingView zwrócił niekompletne dane połączenia."
"PingView API keys start with pk_live_.","Klucze API PingView zaczynają się od pk_live_."
"Connected. Your store status appears below.","Podłączono. Status sklepu widoczny jest poniżej."
"Disconnected locally. External monitoring continues in PingView.","Odłączono lokalnie. Zewnętrzny monitoring działa dalej w PingView."
"Enter a valid email address.","Podaj poprawny adres e-mail."
"Consent is required to create the PingView connection.","Do utworzenia połączenia z PingView wymagana jest zgoda."
"Monitoring is on. Check your inbox for access to the PingView dashboard.","Monitoring włączony. Sprawdź skrzynkę, aby uzyskać dostęp do panelu PingView."
"Status refreshed.","Status odświeżony."
"That API key is invalid or expired.","Ten klucz API jest nieprawidłowy lub wygasł."
"Could not create a monitor for this store.","Nie udało się utworzyć monitora dla tego sklepu."
"Could not connect to PingView.","Nie udało się połączyć z PingView."
"This creates a PingView account at that address and emails a sign-in link to it. No password to set or remember.","Utworzymy konto PingView na tym adresie i wyślemy na nie link do logowania. Nie musisz ustawiać ani pamiętać hasła."
"That address already has a PingView account, so this store connects with an API key instead. Sign in, copy a write-scoped key, and paste it below. An existing monitor for this domain is reused, not duplicated.","Ten adres ma już konto PingView, więc ten sklep podłączysz kluczem API. Zaloguj się, skopiuj klucz z uprawnieniem do zapisu i wklej go poniżej. Istniejący monitor tej domeny zostanie użyty ponownie, a nie zduplikowany."
"Create or copy one in","Utwórz lub skopiuj go w"
"PingView API keys","Kluczach API PingView"
"Status","Status"
"Needs attention","Wymaga uwagi"
"All clear","Wszystko w porządku"
"Availability","Dostępność"
"Last 24 hours","Ostatnie 24 godziny"
"Last 7 days","Ostatnie 7 dni"
"What is being watched","Co jest monitorowane"
"Uptime check every %1 min","Sprawdzenie dostępności co %1 min"
"Checks run from the external locations in your plan","Sprawdzenia wykonywane są z zewnętrznych lokalizacji dostępnych w Twoim planie"
"SSL certificate expiry","Termin ważności certyfikatu SSL"
"Domain registration expiry","Termin wygaśnięcia rejestracji domeny"
"You are alerted on an outage, on an SSL certificate expiring within 30 days, and on a performance drop over 20 percent.","Otrzymasz alert w razie awarii, gdy certyfikat SSL wygasa w ciągu 30 dni, oraz gdy wydajność spadnie o ponad 20 procent."
"Other pages worth watching","Inne strony warte obserwowania"
"Monitored","Monitorowane"
"Start monitoring the selected pages","Zacznij monitorować zaznaczone strony"
"No other customer facing pages could be found automatically.","Nie udało się automatycznie znaleźć innych stron widocznych dla klientów."
"External observation","Obserwacja zewnętrzna"
"On","Włączona"
"Turn off external observation","Wyłącz obserwację zewnętrzną"
"Where alerts are delivered","Gdzie trafiają alerty"
"Email is on by default. Route incidents to the channel your team already watches, so nobody finds out from a customer.","E-mail jest domyślnie włączony. Skieruj incydenty do kanału, który Twój zespół już obserwuje, aby nikt nie dowiedział się o problemie od klienta."
"Email","E-mail"
"Configure alert channels","Skonfiguruj kanały alertów"
"Set up the weekly summary","Skonfiguruj cotygodniowe podsumowanie"
"Checked from %1 locations","Sprawdzane z %1 lokalizacji"
"Security headers","Nagłówki bezpieczeństwa"
"Quality report","Raport jakości"
"Premium","Premium"
"Performance","Wydajność"
"Accessibility","Ułatwienia dostępu"
"Can customers actually buy?","Czy klienci naprawdę mogą kupować?"
"Product page loads","Strona produktu się ładuje"
"Add to cart works","Dodanie do koszyka działa"
"Checkout reaches payment","Zamówienie dociera do płatności"
"Status badge","Plakietka statusu"
"Status badge preview","Podgląd plakietki statusu"
"Open the status page","Otwórz stronę statusu"
"Create a status page","Utwórz stronę statusu"
"Your PingView account","Twoje konto PingView"
"Account","Konto"
"Team","Zespół"
"Signing in uses a link emailed to the account on file, not a password.","Logowanie odbywa się linkiem wysyłanym na adres przypisany do konta, bez hasła."
"Manage account","Zarządzaj kontem"
"See the full picture","Zobacz pełny obraz sytuacji"
"Full incident history, deep performance and security scans, and a public status page you can share with customers.","Pełna historia incydentów, szczegółowe skanowanie wydajności i bezpieczeństwa oraz publiczna strona statusu, którą możesz udostępnić klientom."
"Select at least one page to monitor.","Zaznacz co najmniej jedną stronę do monitorowania."
"%1 pages are now monitored.","%1 stron jest teraz monitorowanych."
"PingView returned incomplete monitor data.","PingView zwrócił niekompletne dane monitora."
"The stored API key can no longer be read. Disconnect and connect again.","Nie można już odczytać zapisanego klucza API. Rozłącz i połącz ponownie."
"This store now answers on a different address than the one being monitored. Until the monitor is repointed, checks keep hitting the old address and the certificate on the new one is never read.","Ten sklep odpowiada teraz pod innym adresem niż monitorowany. Dopóki monitor nie zostanie przepięty, sprawdzenia trafiają na stary adres, a certyfikat nowego nie jest w ogóle odczytywany."
"Monitor the current address","Monitoruj bieżący adres"
"Response time, median","Czas odpowiedzi, mediana"
"%1 to fix","Do naprawy: %1"
"Worth fixing","Warto naprawić"
"Ordered by what can break the store first.","Kolejność według tego, co najszybciej zepsuje sklep."
"Availability over the last 24 hours","Dostępność z ostatnich 24 godzin"
"One block per bucket, oldest on the left.","Jeden blok na przedział, najstarszy po lewej."
"PingView already knows these addresses because this module runs inside your store. This only checks that a page responds, it does not attempt to place an order.","PingView zna te adresy, bo ten moduł działa wewnątrz Twojego sklepu. Sprawdzamy tylko, czy strona odpowiada, nie próbujemy złożyć zamówienia."
"Scheduled jobs (Magento cron)","Zadania cykliczne (cron Magento)"
"The cron schedule could not be read, so nothing can be said about scheduled jobs here.","Nie udało się odczytać harmonogramu cron, więc nie możemy nic powiedzieć o zadaniach cyklicznych."
"Magento cron ran recently. %1 jobs are queued.","Cron Magento działał niedawno. Zadań w kolejce: %1."
"No cron job has run for over an hour. Indexers, order emails and scheduled prices stop while the storefront keeps answering normally.","Żadne zadanie cron nie wykonało się od ponad godziny. Indeksery, maile o zamówieniach i ceny zaplanowane stają, a sklep dalej odpowiada normalnie."
"Last run: %1","Ostatnie wykonanie: %1"
"No cron job has ever run on this installation.","Na tej instalacji nie wykonało się jeszcze żadne zadanie cron."
"Add this line to the same crontab that already runs Magento cron:","Dodaj tę linię do tego samego crontaba, który już uruchamia cron Magento:"
"PingView can watch this from outside: a heartbeat monitor that expects a ping every few minutes, so a cron that silently stops is caught even while the store keeps answering normally.","PingView może to obserwować z zewnątrz: monitor heartbeat oczekuje pingu co kilka minut, więc cicho zatrzymany cron zostanie wykryty, nawet gdy sklep dalej odpowiada normalnie."
"Watch Magento cron from outside","Obserwuj cron Magento z zewnątrz"
"Slack, Teams and Discord","Slack, Teams i Discord"
"Webhooks","Webhooki"
"Mozilla Observatory grade","Ocena Mozilla Observatory"
"Checks passed","Zaliczone sprawdzenia"
"Fixing these gives back %1 points, highest first.","Naprawa tych pozycji zwraca %1 punktów, od największych."
"No security scan yet. Every monitor is scanned for security headers, on any plan.","Brak skanu bezpieczeństwa. Nagłówki bezpieczeństwa skanujemy dla każdego monitora, niezależnie od planu."
"Measured on %1.","Pomiar na: %1."
"Lighthouse performance and accessibility scores with Core Web Vitals, on a paid plan.","Wyniki wydajności i dostępności Lighthouse wraz z Core Web Vitals, w planie płatnym."
"Synthetic monitoring walks a real path through your store: product page, add to cart, checkout. It catches the failure an uptime check cannot see, a checkout broken while the homepage still answers fine.","Monitoring syntetyczny przechodzi realną ścieżkę przez sklep: karta produktu, dodanie do koszyka, zamówienie. Wykrywa awarię, której nie widzi sprawdzenie dostępności: zepsuty checkout przy działającej stronie głównej."
"This module reports your cart, checkout and product addresses so the journey can be built from what your store actually serves.","Ten moduł przekazuje adresy koszyka, zamówienia i produktu, żeby ścieżkę zbudować z tego, co Twój sklep faktycznie serwuje."
"%1 min","%1 min"
"%1 h","%1 godz."
"A public status page gives customers one place to check for known incidents, and a badge to embed on your storefront.","Publiczna strona statusu daje klientom jedno miejsce do sprawdzenia znanych awarii oraz plakietkę do osadzenia w sklepie."
"Not reported by the API yet","Jeszcze nie zwrócone przez API"
"PingView for Magento","PingView dla Magento"
"Monitoring runs on PingView servers, outside your store: no module code runs on customer requests, and disabling this module does not stop monitoring.","Monitoring działa na serwerach PingView, poza Twoim sklepem: żaden kod modułu nie wykonuje się przy żądaniach klientów, a wyłączenie modułu nie zatrzymuje monitoringu."
"No page could be added. Your plan may already be at its monitor limit.","Nie udało się dodać żadnej strony. Twój plan mógł już osiągnąć limit monitorów."
"The monitor now checks the current store address.","Monitor sprawdza teraz bieżący adres sklepu."
"External observation is on. Add the cron line below to the crontab that already runs Magento cron.","Obserwacja zewnętrzna włączona. Dodaj poniższą linię do crontaba, który już uruchamia cron Magento."
"External observation is off. The heartbeat monitor is paused, not deleted.","Obserwacja zewnętrzna wyłączona. Monitor heartbeat jest wstrzymany, nie usunięty."
"Watching Magento cron from outside needs a higher PingView plan.","Obserwacja crona Magento z zewnątrz wymaga wyższego planu PingView."
"Monitor still on the old address","Monitor nadal na starym adresie"
"probe retired","sonda wycofana"
"no result yet","brak jeszcze wyniku"
"answering, but slow","odpowiada, ale wolno"
"timed out","przekroczony czas"
"Median of %1 locations","Mediana z %1 lokalizacji"
"Median of %1 locations · slow above %2 ms","Mediana z %1 lokalizacji · wolno powyżej %2 ms"
"A check counts as slow above %1 ms.","Sprawdzenie liczy się jako wolne powyżej %1 ms."
"Change this threshold","Zmień ten próg"
"One configured location has left the monitoring fleet and is not counted.","Jedna skonfigurowana lokalizacja opuściła flotę monitorującą i nie jest wliczana."
"Some configured locations have left the monitoring fleet and are not counted.","Część skonfigurowanych lokalizacji opuściła flotę monitorującą i nie jest wliczana."
"Response time over the last 24 hours, between %1 and %2 ms","Czas odpowiedzi w ciągu ostatnich 24 godzin, od %1 do %2 ms"
"Response time %1–%2 ms, averaged across locations. Dashed line: slow above %3 ms.","Czas odpowiedzi %1–%2 ms, uśredniony po lokalizacjach. Linia przerywana: wolno powyżej %3 ms."
"Response time %1–%2 ms, averaged across locations.","Czas odpowiedzi %1–%2 ms, uśredniony po lokalizacjach."
"PingView also watches 1 more address on this site:","PingView obserwuje na tej stronie jeszcze 1 adres:"
"PingView also watches %1 more addresses on this site:","PingView obserwuje na tej stronie jeszcze %1 adresów:"
